product_id,name,description,dimensions,brand,category,material,image_url,seller,seller_address,price,stock_quantity
P1008,SustainAble Chair,Modern chair with sturdy frame and comfortable seating.,16x32x14 cm,SustainAble,Chair,PET,https://tse2.mm.bing.net/th/id/OIP.ofolwA9i3-kWizHoTU9pCwHaJN?cb=thvnext&rs=1&pid=ImgDetMain&o=7&rm=3,EarthOutlet,"Delhi, India",48.39,33
P1012,NatureMark Chair,Modern chair with sturdy frame and comfortable seating.,19x24x6 cm,NatureMark,Chair,Paper (recycled),https://thvnext.bing.com/th?q=Brown+Leather+Desk+Chair&w=120&h=120&c=1&rs=1&qlt=90&cb=1&dpr=1.1&pid=InlineBlock&mkt=en-IN&cc=IN&setlang=en&adlt=strict&t=1&mw=247,EarthOutlet,"Bangalore, India",59.45,26
P1016,EcoLife Chair,Modern chair with sturdy frame and comfortable seating.,19x31x13 cm,EcoLife,Chair,Concrete,https://thvnext.bing.com/th?q=Swivel+Rocker+Recliner+Chair&w=120&h=120&c=1&rs=1&qlt=70&o=7&cb=1&dpr=1.1&pid=InlineBlock&rm=3&mkt=en-IN&cc=IN&setlang=en&adlt=strict&t=1&mw=247,EarthOutlet,"Bangalore, India",35.89,39
P1017,SustainAble Chair,Modern chair with sturdy frame and comfortable seating.,25x39x11 cm,SustainAble,Chair,Stainless Steel,https://thvnext.bing.com/th/id/OIP.z3yfjo2hWKrCkdmtYqfaNgAAAA?w=117&h=180&c=7&r=0&o=5&cb=thvnext&dpr=1.1&pid=1.7,GreenMart,"Bangalore, India",35.95,86
P1065,PlanetWear Chair,Modern chair with sturdy frame and comfortable seating.,20x20x19 cm,PlanetWear,Chair,Aluminum (recycled),https://thvnext.bing.com/th/id/OIP.e8qyNs46uiVRUOMN1fxNhQHaFZ?w=291&h=212&c=7&r=0&o=7&cb=thvnext&dpr=1.1&pid=1.7&rm=3,Nature's Store,"Chennai, India",97.8,79
P1082,ReThink Chair,Modern chair with sturdy frame and comfortable seating.,35x17x4 cm,ReThink,Chair,HDPE,https://thvnext.bing.com/th/id/OIP.clgcdSVefUwtkRI7xHLQ6gHaEw?w=302&h=194&c=7&r=0&o=5&cb=thvnext&dpr=1.1&pid=1.7,Nature's Store,"Mumbai, India",87.16,65
P1103,EcoLife Chair,Modern chair with sturdy frame and comfortable seating.,29x12x6 cm,EcoLife,Chair,Aluminum (recycled),https://thvnext.bing.com/th/id/OIP.jwezfGfESKw6562n0t-nPQAAAA?w=127&h=194&c=7&r=0&o=5&cb=thvnext&dpr=1.1&pid=1.7,EarthOutlet,"Delhi, India",93.47,82
P1113,EcoNest Chair,Modern chair with sturdy frame and comfortable seating.,23x41x13 cm,EcoNest,Chair,Wood (softwood),https://thvnext.bing.com/th/id/OIP.3GJ1eaSVVG5khx8OfUpXiAHaHa?w=212&h=212&c=7&r=0&o=7&cb=thvnext&dpr=1.1&pid=1.7&rm=3,GreenMart,"Hyderabad, India",45.59,97
P1132,SustainAble Chair,Modern chair with sturdy frame and comfortable seating.,10x9x13 cm,SustainAble,Chair,HDPE,https://thvnext.bing.com/th/id/OIP.rsBTy-TQYQK8X4gkuCpGZQAAAA?w=152&h=206&c=7&r=0&o=5&cb=thvnext&dpr=1.1&pid=1.7,Verde Suppliers,"Bangalore, India",25.03,44
P1134,GreenGear Chair,Modern chair with sturdy frame and comfortable seating.,47x46x14 cm,GreenGear,Chair,HDPE,https://thvnext.bing.com/th/id/OIP.NfcDbj5kjDNqVjGwYfHQxwHaHa?w=157&h=180&c=7&r=0&o=5&cb=thvnext&dpr=1.1&pid=1.7,EarthOutlet,"Chennai, India",94.09,92
P1138,EcoLife Chair,Modern chair with sturdy frame and comfortable seating.,46x5x16 cm,EcoLife,Chair,Concrete,https://thvnext.bing.com/th/id/OIP.nvYy0C_mAVOHcD1QcM9opAHaDq?w=325&h=180&c=7&r=0&o=5&cb=thvnext&dpr=1.1&pid=1.7,Nature's Store,"Bangalore, India",64.58,49
P1151,EarthWise Chair,Modern chair with sturdy frame and comfortable seating.,42x29x16 cm,EarthWise,Chair,Concrete,https://thvnext.bing.com/th/id/OIP.Vsmmak3IKsv3klqniWNTkwHaGa?w=209&h=181&c=7&r=0&o=5&cb=thvnext&dpr=1.1&pid=1.7,GreenMart,"Mumbai, India",73.81,23
P1158,SustainAble Chair,Modern chair with sturdy frame and comfortable seating.,20x6x5 cm,SustainAble,Chair,Steel (recycled),https://thvnext.bing.com/th/id/OIP.JZgHmblWRq7ElFYdUXIVOgAAAA?w=151&h=180&c=7&r=0&o=5&cb=thvnext&dpr=1.1&pid=1.7,EcoGoods Hub,"Bangalore, India",48.48,74
P1174,EcoLife Chair,Modern chair with sturdy frame and comfortable seating.,15x14x16 cm,EcoLife,Chair,Aluminum (recycled),https://thvnext.bing.com/th/id/OIP.htwpxFmi3HvCQFkfeJ8gggHaFj?w=249&h=187&c=7&r=0&o=5&cb=thvnext&dpr=1.1&pid=1.7,GreenMart,"Chennai, India",92.45,88
P1189,EarthWise Chair,Modern chair with sturdy frame and comfortable seating.,11x7x15 cm,EarthWise,Chair,Wood (softwood),https://thvnext.bing.com/th/id/OIP.l8bNSr0CZ1B8gbghjSs1qwHaEK?w=294&h=180&c=7&r=0&o=5&cb=thvnext&dpr=1.1&pid=1.7,EcoGoods Hub,"Delhi, India",37.92,29
P1193,SustainAble Chair,Modern chair with sturdy frame and comfortable seating.,33x20x10 cm,SustainAble,Chair,PVC,https://thvnext.bing.com/th/id/OIP.-1u-7cLMCGRWNEQfAHIxiQHaGa?w=254&h=220&c=7&r=0&o=5&cb=thvnext&dpr=1.1&pid=1.7,EarthOutlet,"Bangalore, India",12.99,19
P1000,ReThink Laptop Stand,Ergonomic stand designed for better posture and cooling.,19x9x15 cm,ReThink,Laptop Stand,Rubber (natural),https://microless.com/cdn/products/b04264b27e8bec627b65dc2711b07379-hi.jpg,GreenMart,"Mumbai, India",96.98,47
P1003,GreenGear Laptop Stand,Ergonomic stand designed for better posture and cooling.,10x48x14 cm,GreenGear,Laptop Stand,Concrete,https://m.media-amazon.com/images/I/61Av3LWhNwL._SL1500_.jpg,EcoGoods Hub,"Bangalore, India",55.75,14
P1025,PlanetWear Laptop Stand,Ergonomic stand designed for better posture and cooling.,20x7x19 cm,PlanetWear,Laptop Stand,Aluminum (primary),https://thvnext.bing.com/th/id/OIP.WdWo8Bv3yK9hOj9S0Sv3ggHaHa?w=187&h=187&c=7&r=0&o=7&cb=thvnext&dpr=1.1&pid=1.7&rm=3,EcoGoods Hub,"Hyderabad, India",60.11,66
P1027,EarthWise Laptop Stand,Ergonomic stand designed for better posture and cooling.,21x43x15 cm,EarthWise,Laptop Stand,Steel (virgin),https://thvnext.bing.com/th/id/OIP.sZM2VGRuWM9Mt5kxIBzeBQHaIY?w=161&h=183&c=7&r=0&o=7&cb=thvnext&dpr=1.1&pid=1.7&rm=3,GreenMart,"Chennai, India",26.86,39
P1042,EcoChoice Laptop Stand,Ergonomic stand designed for better posture and cooling.,40x18x6 cm,EcoChoice,Laptop Stand,PET,https://thvnext.bing.com/th/id/OIP.09JATMK24BNpMSPh4gkJVgHaHa?w=219&h=219&c=7&r=0&o=5&cb=thvnext&dpr=1.1&pid=1.7,GreenMart,"Chennai, India",31.77,38
P1050,EcoChoice Laptop Stand,Ergonomic stand designed for better posture and cooling.,33x34x12 cm,EcoChoice,Laptop Stand,Glass (virgin),https://thvnext.bing.com/th/id/OIP.CXc25C3ynkk5SRgpvp2R_AHaHa?w=195&h=195&c=7&r=0&o=5&cb=thvnext&dpr=1.1&pid=1.7,GreenMart,"Bangalore, India",42.99,58
P1056,GreenGear Laptop Stand,Ergonomic stand designed for better posture and cooling.,35x40x3 cm,GreenGear,Laptop Stand,Wood (softwood),https://thvnext.bing.com/th/id/OIP.PN-7T9KByNmltWHY1oDWqAHaF7?w=201&h=180&c=7&r=0&o=5&cb=thvnext&dpr=1.1&pid=1.7,GreenMart,"Bangalore, India",25.51,52
P1058,PlanetWear Laptop Stand,Ergonomic stand designed for better posture and cooling.,5x10x11 cm,PlanetWear,Laptop Stand,Paper (recycled),https://thvnext.bing.com/th/id/OIP.VJaowMnk7GJ2ug5Pb5w16QHaFU?w=224&h=180&c=7&r=0&o=5&cb=thvnext&dpr=1.1&pid=1.7,Verde Suppliers,"Bangalore, India",56.77,45
P1060,EarthWise Laptop Stand,Ergonomic stand designed for better posture and cooling.,20x12x13 cm,EarthWise,Laptop Stand,Glass (recycled),https://thvnext.bing.com/th/id/OIP.WccgllhrbJfYT5zCP9neBgHaHa?w=187&h=187&c=7&r=0&o=7&cb=thvnext&dpr=1.1&pid=1.7&rm=3,EarthOutlet,"Chennai, India",39.76,41
P1066,EcoChoice Laptop Stand,Ergonomic stand designed for better posture and cooling.,35x10x5 cm,EcoChoice,Laptop Stand,Rubber (natural),https://thvnext.bing.com/th/id/OIP.Ed_-G4GmYFXz4wZ-NXALrgHaHa?w=195&h=195&c=7&r=0&o=5&cb=thvnext&dpr=1.1&pid=1.7,EcoGoods Hub,"Mumbai, India",97.21,77
P1070,EcoLife Laptop Stand,Ergonomic stand designed for better posture and cooling.,16x29x16 cm,EcoLife,Laptop Stand,Stainless Steel,https://thvnext.bing.com/th/id/OIP._fx1je_nnsre5TMojm8rEgHaIL?w=176&h=195&c=7&r=0&o=5&cb=thvnext&dpr=1.1&pid=1.7,EcoGoods Hub,"Delhi, India",80.86,68
P1120,SustainAble Laptop Stand,Ergonomic stand designed for better posture and cooling.,28x43x7 cm,SustainAble,Laptop Stand,HDPE,https://thvnext.bing.com/th/id/OIP.WBMAKW_C4FMJ3rqaGCUirwHaHa?w=195&h=195&c=7&r=0&o=5&cb=thvnext&dpr=1.1&pid=1.7,GreenMart,"Chennai, India",49.67,67
P1123,EcoNest Laptop Stand,Ergonomic stand designed for better posture and cooling.,7x49x14 cm,EcoNest,Laptop Stand,Steel (virgin),https://thvnext.bing.com/th/id/OIP.oCjTpS4qzAcs-fHeXXEdLAHaHa?w=195&h=195&c=7&r=0&o=5&cb=thvnext&dpr=1.1&pid=1.7,GreenMart,"Bangalore, India",48.83,37
P1129,ReThink Laptop Stand,Ergonomic stand designed for better posture and cooling.,17x35x15 cm,ReThink,Laptop Stand,Glass (recycled),https://thvnext.bing.com/th/id/OIP.-EtFTAMEQhqky4rPF6RMKwHaHa?w=204&h=198&c=7&r=0&o=5&cb=thvnext&dpr=1.1&pid=1.7,Nature's Store,"Delhi, India",79.12,77
P1156,EcoLife Laptop Stand,Ergonomic stand designed for better posture and cooling.,10x9x8 cm,EcoLife,Laptop Stand,Stainless Steel,https://thvnext.bing.com/th/id/OIP.JPjQ0iW4iFFgAX2Ds2i-fwHaHY?w=161&h=180&c=7&r=0&o=5&cb=thvnext&dpr=1.1&pid=1.7,Verde Suppliers,"Hyderabad, India",72.66,50
P1163,PlanetWear Laptop Stand,Ergonomic stand designed for better posture and cooling.,8x35x9 cm,PlanetWear,Laptop Stand,Copper,https://thvnext.bing.com/th/id/OIP.HHGjGLJW_77DII1wQo8TmwHaHa?w=195&h=195&c=7&r=0&o=5&cb=thvnext&dpr=1.1&pid=1.7,EcoGoods Hub,"Delhi, India",22.49,43
P1165,GreenGear Laptop Stand,Ergonomic stand designed for better posture and cooling.,19x40x4 cm,GreenGear,Laptop Stand,Organic Cotton,https://thvnext.bing.com/th/id/OIP.R8MPq_B43eeXDRHCUwI-awHaHa?w=218&h=219&c=7&r=0&o=5&cb=thvnext&dpr=1.1&pid=1.7,EarthOutlet,"Chennai, India",5.15,24
P1167,EarthWise Laptop Stand,Ergonomic stand designed for better posture and cooling.,5x43x11 cm,EarthWise,Laptop Stand,Concrete,https://tse3.mm.bing.net/th/id/OIP.fn7ENlPrTUqUtuMeWJY95AHaE7?cb=thvnext&pid=ImgDet&w=200&h=133&c=7&dpr=1.1&o=7&rm=3,GreenMart,"Mumbai, India",28.88,63
P1175,NatureMark Laptop Stand,Ergonomic stand designed for better posture and cooling.,12x39x13 cm,NatureMark,Laptop Stand,Stainless Steel,https://thvnext.bing.com/th/id/OIP.lIBJYhgtY9xU-rWylUg7KwHaJP?w=174&h=219&c=7&r=0&o=5&cb=thvnext&dpr=1.1&pid=1.7,Verde Suppliers,"Delhi, India",70.88,70
P1181,GreenGear Laptop Stand,Ergonomic stand designed for better posture and cooling.,5x21x15 cm,GreenGear,Laptop Stand,Concrete,https://thvnext.bing.com/th/id/OIP.HgBmLAiH1SSe75n_mBLItAHaGm?w=194&h=180&c=7&r=0&o=5&cb=thvnext&dpr=1.1&pid=1.7,Verde Suppliers,"Delhi, India",8.1,80
P1183,EcoChoice Laptop Stand,Ergonomic stand designed for better posture and cooling.,22x24x15 cm,EcoChoice,Laptop Stand,Aluminum (primary),https://thvnext.bing.com/th/id/OIP.QeaEU4q8QeS-4v2qVhlrmAHaHm?w=192&h=197&c=7&r=0&o=5&cb=thvnext&dpr=1.1&pid=1.7,EcoGoods Hub,"Hyderabad, India",13.2,94
P1021,GreenGear Notebook,"Hardcover notebook ideal for notes, journaling, or sketches.",27x9x5 cm,GreenGear,Notebook,Wood (softwood),https://thvnext.bing.com/th/id/OIP.tyBXcqaDWiLOxdyPoMLGlAHaHa?w=201&h=190&c=7&r=0&o=5&cb=thvnext&dpr=1.1&pid=1.7,GreenMart,"Bangalore, India",81.72,22
P1053,SustainAble Notebook,"Hardcover notebook ideal for notes, journaling, or sketches.",17x19x12 cm,SustainAble,Notebook,Glass (recycled),https://thvnext.bing.com/th/id/OIP.2nglT_k8-LkesCTFVzkCTwHaE0?w=306&h=190&c=7&r=0&o=5&cb=thvnext&dpr=1.1&pid=1.7,Verde Suppliers,"Delhi, India",83.33,53
P1054,PlanetWear Notebook,"Hardcover notebook ideal for notes, journaling, or sketches.",34x14x14 cm,PlanetWear,Notebook,LDPE,https://thvnext.bing.com/th/id/OIP.7RkwkdRxqSYMJ1k3bb3XNgHaHa?w=177&h=180&c=7&r=0&o=5&cb=thvnext&dpr=1.1&pid=1.7,Verde Suppliers,"Delhi, India",33.24,42
P1063,NatureMark Notebook,"Hardcover notebook ideal for notes, journaling, or sketches.",48x45x1 cm,NatureMark,Notebook,Glass (recycled),https://thvnext.bing.com/th?q=Hard+Cover+Notebook&w=120&h=120&c=1&rs=1&qlt=90&cb=1&dpr=1.1&pid=InlineBlock&mkt=en-IN&cc=IN&setlang=en&adlt=strict&t=1&mw=247,Verde Suppliers,"Delhi, India",18.83,86
P1064,NatureMark Notebook,"Hardcover notebook ideal for notes, journaling, or sketches.",21x20x10 cm,NatureMark,Notebook,Plastic (general),https://thvnext.bing.com/th/id/OIP.5Tt4uSOUJ0Zy5W58REWBUQHaEL?w=311&h=180&c=7&r=0&o=5&cb=thvnext&dpr=1.1&pid=1.7,GreenMart,"Bangalore, India",7.79,47
P1069,GreenGear Notebook,"Hardcover notebook ideal for notes, journaling, or sketches.",35x12x9 cm,GreenGear,Notebook,Rubber (natural),https://thvnext.bing.com/th/id/OIP.rPrLWhbMQYXEt30nMSCTSQHaHa?w=202&h=202&c=7&r=0&o=5&cb=thvnext&dpr=1.1&pid=1.7,EcoGoods Hub,"Mumbai, India",85.21,99
P1089,NatureMark Notebook,"Hardcover notebook ideal for notes, journaling, or sketches.",10x22x15 cm,NatureMark,Notebook,Steel (virgin),https://thvnext.bing.com/th/id/OIP.VQFyMp_iMFn2wxxWiao3vADIEs?w=115&h=180&c=7&r=0&o=5&cb=thvnext&dpr=1.1&pid=1.7,EarthOutlet,"Chennai, India",91.75,37
P1090,EcoLife Notebook,"Hardcover notebook ideal for notes, journaling, or sketches.",37x24x2 cm,EcoLife,Notebook,Aluminum (recycled),https://thvnext.bing.com/th?q=Notebook+Book&w=120&h=120&c=1&rs=1&qlt=90&cb=1&dpr=1.1&pid=InlineBlock&mkt=en-IN&cc=IN&setlang=en&adlt=strict&t=1&mw=247,EcoGoods Hub,"Chennai, India",81.82,53
P1092,EcoChoice Notebook,"Hardcover notebook ideal for notes, journaling, or sketches.",15x24x11 cm,EcoChoice,Notebook,Organic Cotton,https://thvnext.bing.com/th/id/OIP.wToWSY7tr8IwtT9wNcgmjwHaHa?w=176&h=180&c=7&r=0&o=5&cb=thvnext&dpr=1.1&pid=1.7,GreenMart,"Bangalore, India",14.3,16
P1106,EarthWise Notebook,"Hardcover notebook ideal for notes, journaling, or sketches.",8x7x16 cm,EarthWise,Notebook,Cotton (non-organic),https://thvnext.bing.com/th/id/OIP.ROVpQ2JWhHHD0Ooh_aHZ1AHaG1?w=182&h=180&c=7&r=0&o=5&cb=thvnext&dpr=1.1&pid=1.7,GreenMart,"Bangalore, India",47.07,78
P1110,EarthWise Notebook,"Hardcover notebook ideal for notes, journaling, or sketches.",25x28x10 cm,EarthWise,Notebook,Steel (recycled),https://thvnext.bing.com/th/id/OIP.oqbgfpnsAcW0JyTCXtYQnQHaHa?w=198&h=198&c=7&r=0&o=7&cb=thvnext&dpr=1.1&pid=1.7&rm=3,Verde Suppliers,"Mumbai, India",13.7,93
P1115,EcoNest Notebook,"Hardcover notebook ideal for notes, journaling, or sketches.",6x8x14 cm,EcoNest,Notebook,LDPE,https://thvnext.bing.com/th/id/OIP.gUuzw7DLuspNtKRyNznsugHaHa?w=200&h=200&c=7&r=0&o=7&cb=thvnext&dpr=1.1&pid=1.7&rm=3,EarthOutlet,"Hyderabad, India",7.18,44
P1124,EarthWise Notebook,"Hardcover notebook ideal for notes, journaling, or sketches.",26x6x16 cm,EarthWise,Notebook,Copper,https://thvnext.bing.com/th/id/OIP.rBdDSXybixziIamA5h4P1AHaHB?w=211&h=200&c=7&r=0&o=7&cb=thvnext&dpr=1.1&pid=1.7&rm=3,EcoGoods Hub,"Bangalore, India",66.05,70
P1126,EcoChoice Notebook,"Hardcover notebook ideal for notes, journaling, or sketches.",47x18x3 cm,EcoChoice,Notebook,Paper (recycled),https://thvnext.bing.com/th/id/OIP.GTqJJ4cMjG_s2j4_fnifagHaJ4?w=132&h=180&c=7&r=0&o=5&cb=thvnext&dpr=1.1&pid=1.7,Nature's Store,"Bangalore, India",52.19,30
P1157,EarthWise Notebook,"Hardcover notebook ideal for notes, journaling, or sketches.",24x35x2 cm,EarthWise,Notebook,PVC,https://m.media-amazon.com/images/I/614j36mAQhL._SL1500_.jpg,Nature's Store,"Delhi, India",95.36,45
P1161,EcoChoice Notebook,"Hardcover notebook ideal for notes, journaling, or sketches.",7x30x12 cm,EcoChoice,Notebook,Paper (recycled),https://thvnext.bing.com/th/id/OIP.ZZGltGbb9-rj5wFjjaaf5QHaIB?w=165&h=185&c=7&r=0&o=5&cb=thvnext&dpr=1.1&pid=1.7,Verde Suppliers,"Mumbai, India",31.73,87
P1170,GreenGear Notebook,"Hardcover notebook ideal for notes, journaling, or sketches.",23x25x5 cm,GreenGear,Notebook,Paper (recycled),https://thvnext.bing.com/th?q=Mini+Pocket+Notebook&w=120&h=120&c=1&rs=1&qlt=90&cb=1&dpr=1.1&pid=InlineBlock&mkt=en-IN&cc=IN&setlang=en&adlt=strict&t=1&mw=247,GreenMart,"Chennai, India",48.63,79
P1171,EarthWise Notebook,"Hardcover notebook ideal for notes, journaling, or sketches.",38x47x4 cm,EarthWise,Notebook,PET,https://thvnext.bing.com/th/id/OIP.tklTyjoz-z4wagM9t2pZJAAAAA?w=206&h=142&c=7&r=0&o=5&cb=thvnext&dpr=1.1&pid=1.7,EarthOutlet,"Delhi, India",62.6,61
P1185,EcoNest Notebook,"Hardcover notebook ideal for notes, journaling, or sketches.",47x48x14 cm,EcoNest,Notebook,Concrete,https://thvnext.bing.com/th/id/OIP.R93lrIsz5VAKABvp53_9tQAAAA?w=189&h=172&c=7&r=0&o=5&cb=thvnext&dpr=1.1&pid=1.7,Verde Suppliers,"Mumbai, India",49.58,64
P1024,Verde Phone Case,Protective and lightweight phone case with precise cutouts.,34x43x17 cm,Verde,Phone Case,Concrete,https://thvnext.bing.com/th/id/OIP.n6eZ-oHgcRlXxGqOoy8lmgHaHb?w=215&h=216&c=7&r=0&o=7&cb=thvnext&dpr=1.1&pid=1.7&rm=3,EarthOutlet,"Mumbai, India",95.77,66
P1033,SustainAble Phone Case,Protective and lightweight phone case with precise cutouts.,17x7x1 cm,SustainAble,Phone Case,Plastic (general),https://thvnext.bing.com/th/id/OIP.FP9by9xnuXwik4Bgb5TSVgHaHZ?w=217&h=216&c=7&r=0&o=7&cb=thvnext&dpr=1.1&pid=1.7&rm=3,Nature's Store,"Chennai, India",81.33,13
P1034,SustainAble Phone Case,Protective and lightweight phone case with precise cutouts.,15x24x10 cm,SustainAble,Phone Case,Stainless Steel,https://ts2.mm.bing.net/th?id=OIP.muXDFO1bcjv7z7Rvt1-drwHaHa&pid=15.1,Verde Suppliers,"Bangalore, India",32.07,28
P1035,EcoChoice Phone Case,Protective and lightweight phone case with precise cutouts.,24x48x17 cm,EcoChoice,Phone Case,Stainless Steel,https://ts3.mm.bing.net/th?id=OIP.E0mUdGvuyfetz_h00tP99wHaHa&pid=15.1,EarthOutlet,"Hyderabad, India",20.07,88
P1040,ReThink Phone Case,Protective and lightweight phone case with precise cutouts.,17x7x13 cm,ReThink,Phone Case,Stainless Steel,https://ts1.mm.bing.net/th?id=OIP.AlcRdikIOxES2qkcjE7opgHaDD&pid=15.1,EcoGoods Hub,"Mumbai, India",33.57,51
P1041,Verde Phone Case,Protective and lightweight phone case with precise cutouts.,31x24x5 cm,Verde,Phone Case,PET,https://thvnext.bing.com/th/id/OIP.jlQ0XhSeaKX0daMuzOP5eAHaHZ?w=191&h=190&c=7&r=0&o=7&cb=thvnext&dpr=1.1&pid=1.7&rm=3,EarthOutlet,"Hyderabad, India",14.9,60
P1045,EcoLife Phone Case,Protective and lightweight phone case with precise cutouts.,36x44x12 cm,EcoLife,Phone Case,Paper (recycled),https://thvnext.bing.com/th/id/OIP.mMO0DQt0hp_8JPjupqbewAHaHa?w=216&h=216&c=7&r=0&o=7&cb=thvnext&dpr=1.1&pid=1.7&rm=3,EcoGoods Hub,"Chennai, India",57.77,42
P1047,SustainAble Phone Case,Protective and lightweight phone case with precise cutouts.,23x27x6 cm,SustainAble,Phone Case,PET,https://thvnext.bing.com/th/id/OIP.aubBJPo-9cubP1QGle7g8AHaHa?w=184&h=184&c=7&r=0&o=7&cb=thvnext&dpr=1.1&pid=1.7&rm=3,EarthOutlet,"Delhi, India",84.8,40
P1049,PlanetWear Phone Case,Protective and lightweight phone case with precise cutouts.,19x35x4 cm,PlanetWear,Phone Case,Steel (virgin),https://thvnext.bing.com/th/id/OIP.C_QwoKVR_45ynx27K4Lb7gHaJ4?w=140&h=187&c=7&r=0&o=7&cb=thvnext&dpr=1.1&pid=1.7&rm=3,EarthOutlet,"Hyderabad, India",92.74,56
P1052,EcoNest Phone Case,Protective and lightweight phone case with precise cutouts.,11x42x12 cm,EcoNest,Phone Case,Aluminum (primary),https://thvnext.bing.com/th/id/OIP.DvLoxnGgQNHCOLRI-CBFQQHaHa?w=187&h=187&c=7&r=0&o=7&cb=thvnext&dpr=1.1&pid=1.7&rm=3,EcoGoods Hub,"Hyderabad, India",99.52,71
P1073,EcoLife Phone Case,Protective and lightweight phone case with precise cutouts.,38x8x19 cm,EcoLife,Phone Case,Copper,https://thvnext.bing.com/th/id/OIF.OiPaOZL884BhRqG69bPNXw?w=210&h=210&c=7&r=0&o=5&cb=thvnext&dpr=1.1&pid=1.7,Nature's Store,"Chennai, India",78.86,90
P1079,NatureMark Phone Case,Protective and lightweight phone case with precise cutouts.,49x23x15 cm,NatureMark,Phone Case,PP,https://thvnext.bing.com/th/id/OIP.sN605Osake96NpksS4NCtwHaHD?w=197&h=187&c=7&r=0&o=7&cb=thvnext&dpr=1.1&pid=1.7&rm=3,GreenMart,"Delhi, India",9.93,96
P1087,EcoNest Phone Case,Protective and lightweight phone case with precise cutouts.,25x9x4 cm,EcoNest,Phone Case,Glass (recycled),https://thvnext.bing.com/th/id/OIP.WOe83Arr0bsuNNGkR_crjwHaHa?w=184&h=184&c=7&r=0&o=7&cb=thvnext&dpr=1.1&pid=1.7&rm=3,Verde Suppliers,"Delhi, India",78.39,11
P1104,GreenGear Phone Case,Protective and lightweight phone case with precise cutouts.,23x5x12 cm,GreenGear,Phone Case,Wood (softwood),https://thvnext.bing.com/th/id/OIP.0Ko05kqsVjLOYbEesZVZmgHaGN?w=235&h=196&c=7&r=0&o=5&cb=thvnext&dpr=1.1&pid=1.7,EcoGoods Hub,"Hyderabad, India",38.79,60
P1117,ReThink Phone Case,Protective and lightweight phone case with precise cutouts.,21x28x15 cm,ReThink,Phone Case,Cotton (non-organic),https://thvnext.bing.com/th/id/OIP.NkqTfuAT0VkLQRC9x2yB8AHaE8?w=294&h=196&c=7&r=0&o=5&cb=thvnext&dpr=1.1&pid=1.7,EarthOutlet,"Bangalore, India",93,15
P1139,SustainAble Phone Case,Protective and lightweight phone case with precise cutouts.,19x21x16 cm,SustainAble,Phone Case,Cotton (non-organic),https://thvnext.bing.com/th/id/OIP.Dkt1aRMM18d6S-_kwk7hnwHaHa?w=199&h=199&c=7&r=0&o=5&cb=thvnext&dpr=1.1&pid=1.7,Verde Suppliers,"Bangalore, India",72.48,78
P1140,EcoLife Phone Case,Protective and lightweight phone case with precise cutouts.,25x48x6 cm,EcoLife,Phone Case,Aluminum (recycled),https://ts1.mm.bing.net/th?id=OIP.jM9VKDCAjf4CDFs53PssXgHaGN&pid=15.1,EcoGoods Hub,"Mumbai, India",36.53,96
P1142,PlanetWear Phone Case,Protective and lightweight phone case with precise cutouts.,21x46x1 cm,PlanetWear,Phone Case,Cotton (non-organic),https://thvnext.bing.com/th/id/OIP.r1wiO6v49DuzXLa2QKTYdAHaHa?w=184&h=184&c=7&r=0&o=7&cb=thvnext&dpr=1.1&pid=1.7&rm=3,Verde Suppliers,"Mumbai, India",98.52,92
P1144,EcoLife Phone Case,Protective and lightweight phone case with precise cutouts.,44x23x12 cm,EcoLife,Phone Case,Copper,https://ts1.mm.bing.net/th?id=OIP.SNTLIOrAo-QzLpDlmOrvZQHaHa&pid=15.1,EcoGoods Hub,"Mumbai, India",8.58,51
P1147,SustainAble Phone Case,Protective and lightweight phone case with precise cutouts.,5x20x9 cm,SustainAble,Phone Case,Cotton (non-organic),https://thvnext.bing.com/th/id/OIP.1uk3GV0k0jYo9Ac060rXhwHaHZ?w=185&h=184&c=7&r=0&o=7&cb=thvnext&dpr=1.1&pid=1.7&rm=3,GreenMart,"Delhi, India",59.82,96
P1152,PlanetWear Phone Case,Protective and lightweight phone case with precise cutouts.,47x33x4 cm,PlanetWear,Phone Case,Organic Cotton,https://thvnext.bing.com/th/id/OIP.ZtjoYw4ItiUynVU3Glz-2wHaHa?w=196&h=196&c=7&r=0&o=5&cb=thvnext&dpr=1.1&pid=1.7,Verde Suppliers,"Mumbai, India",35.77,83
P1154,EcoNest Phone Case,Protective and lightweight phone case with precise cutouts.,12x21x15 cm,EcoNest,Phone Case,Rubber (natural),https://thvnext.bing.com/th/id/OIP.CILfQIB2rqNP9eA62jDByAHaEK?w=292&h=180&c=7&r=0&o=5&cb=thvnext&dpr=1.1&pid=1.7,GreenMart,"Hyderabad, India",28.74,22
P1166,SustainAble Phone Case,Protective and lightweight phone case with precise cutouts.,36x28x16 cm,SustainAble,Phone Case,Organic Cotton,https://thvnext.bing.com/th?id=OIF.wCxX%2bCu46bcM9hqQTVsnQg&w=164&h=180&c=7&r=0&o=5&cb=thvnext&dpr=1.1&pid=1.7,EarthOutlet,"Delhi, India",61.73,30
P1168,NatureMark Phone Case,Protective and lightweight phone case with precise cutouts.,27x9x14 cm,NatureMark,Phone Case,Stainless Steel,https://thvnext.bing.com/th?q=iPhone+6s+Plus+Phone+Cases&w=120&h=120&c=1&rs=1&qlt=90&cb=1&dpr=1.1&pid=InlineBlock&mkt=en-IN&cc=IN&setlang=en&adlt=strict&t=1&mw=247,Verde Suppliers,"Mumbai, India",82.45,53
P1179,PlanetWear Phone Case,Protective and lightweight phone case with precise cutouts.,21x42x6 cm,PlanetWear,Phone Case,PVC,https://thvnext.bing.com/th/id/OIP.hgRy62elQUpCEuxSLGN06QHaHa?w=178&h=180&c=7&r=0&o=5&cb=thvnext&dpr=1.1&pid=1.7,GreenMart,"Chennai, India",72.37,91
P1184,ReThink Phone Case,Protective and lightweight phone case with precise cutouts.,36x31x20 cm,ReThink,Phone Case,Paper (recycled),https://thvnext.bing.com/th/id/OIP.bCCu-lvaPq30deUot3tczgHaHa?w=194&h=194&c=7&r=0&o=5&cb=thvnext&dpr=1.1&pid=1.7,EcoGoods Hub,"Mumbai, India",88.11,96
P1186,Verde Phone Case,Protective and lightweight phone case with precise cutouts.,32x17x16 cm,Verde,Phone Case,Aluminum (primary),https://thvnext.bing.com/th?q=IMX+163+Phone+Cases&w=120&h=120&c=1&rs=1&qlt=90&cb=1&dpr=1.1&pid=InlineBlock&mkt=en-IN&cc=IN&setlang=en&adlt=strict&t=1&mw=247,EcoGoods Hub,"Delhi, India",41.14,95
P1190,GreenGear Phone Case,Protective and lightweight phone case with precise cutouts.,40x8x1 cm,GreenGear,Phone Case,Glass (recycled),https://thvnext.bing.com/th?q=Girl+Phone+Cases&w=120&h=120&c=1&rs=1&qlt=90&cb=1&dpr=1.1&pid=InlineBlock&mkt=en-IN&cc=IN&setlang=en&adlt=strict&t=1&mw=247,Nature's Store,"Bangalore, India",33.25,81
P1192,GreenGear Phone Case,Protective and lightweight phone case with precise cutouts.,26x12x19 cm,GreenGear,Phone Case,Aluminum (primary),https://thvnext.bing.com/th?id=OIF.kwi5WeGj0KbhomRW%2fq0o5g&w=222&h=220&c=7&r=0&o=5&cb=thvnext&dpr=1.1&pid=1.7,GreenMart,"Mumbai, India",69.12,12
P1194,PlanetWear Phone Case,Protective and lightweight phone case with precise cutouts.,26x48x3 cm,PlanetWear,Phone Case,LDPE,https://thvnext.bing.com/th/id/OIF.UItY5AQzLgclsk8yLbbAEA?w=222&h=220&c=7&r=0&o=5&cb=thvnext&dpr=1.1&pid=1.7,EcoGoods Hub,"Hyderabad, India",52.31,100
P1006,EarthWise Shopping Bag,Spacious and foldable shopping bag for groceries and more.,27x23x7 cm,EarthWise,Shopping Bag,Copper,https://tse1.mm.bing.net/th/id/OIP.1SANgGCjOmLITMIHOyv-CAHaHa?cb=thvnext&rs=1&pid=ImgDetMain&o=7&rm=3,GreenMart,"Mumbai, India",14.68,83
P1010,EcoChoice Shopping Bag,Spacious and foldable shopping bag for groceries and more.,27x36x16 cm,EcoChoice,Shopping Bag,PP,https://thvnext.bing.com/th/id/OIP.iDDuA6HSJl_0SWMqKx3amAHaGu?w=200&h=182&c=7&r=0&o=7&cb=thvnext&dpr=1.1&pid=1.7&rm=3,GreenMart,"Delhi, India",89.45,58
P1011,GreenGear Shopping Bag,Spacious and foldable shopping bag for groceries and more.,40x14x3 cm,GreenGear,Shopping Bag,Copper,https://thvnext.bing.com/th/id/OIP.S_W3cuFKpDomKPIsZpJ2oQHaHa?w=182&h=182&c=7&r=0&o=7&cb=thvnext&dpr=1.1&pid=1.7&rm=3,EcoGoods Hub,"Hyderabad, India",97.57,27
P1014,EcoChoice Shopping Bag,Spacious and foldable shopping bag for groceries and more.,11x6x10 cm,EcoChoice,Shopping Bag,PVC,https://thvnext.bing.com/th/id/OIP.C5KgPPyEC54sehUKogXc3AHaHa?w=187&h=188&c=7&r=0&o=5&cb=thvnext&dpr=1.1&pid=1.7,GreenMart,"Chennai, India",52.99,59
P1019,NatureMark Shopping Bag,Spacious and foldable shopping bag for groceries and more.,15x5x4 cm,NatureMark,Shopping Bag,Cotton (non-organic),https://thvnext.bing.com/th/id/OIP.Wzi4-CVRYS2r10GK7Qr9OwHaHa?w=180&h=180&c=7&r=0&o=5&cb=thvnext&dpr=1.1&pid=1.7,Nature's Store,"Mumbai, India",8.26,82
P1022,ReThink Shopping Bag,Spacious and foldable shopping bag for groceries and more.,43x5x2 cm,ReThink,Shopping Bag,HDPE,https://thvnext.bing.com/th/id/OIP.tsDk7Z2_8NbRzTZph83fNAHaJL?w=141&h=180&c=7&r=0&o=5&cb=thvnext&dpr=1.1&pid=1.7,EcoGoods Hub,"Chennai, India",56.89,32
P1026,Verde Shopping Bag,Spacious and foldable shopping bag for groceries and more.,17x9x14 cm,Verde,Shopping Bag,Stainless Steel,https://thvnext.bing.com/th/id/OIP.JOxSFfieBnj1PBh1ymAM7wHaGz?w=199&h=182&c=7&r=0&o=7&cb=thvnext&dpr=1.1&pid=1.7&rm=3,EarthOutlet,"Bangalore, India",22.25,36
P1038,GreenGear Shopping Bag,Spacious and foldable shopping bag for groceries and more.,47x44x5 cm,GreenGear,Shopping Bag,Copper,https://example.com/images/product_39.jpg,Nature's Store,"Chennai, India",46.91,58
P1043,EcoChoice Shopping Bag,Spacious and foldable shopping bag for groceries and more.,15x10x20 cm,EcoChoice,Shopping Bag,Plastic (general),https://thvnext.bing.com/th/id/OIP.8WaJOSHPgV5eQwQJpsLHzAHaHa?w=193&h=193&c=7&r=0&o=7&cb=thvnext&dpr=1.1&pid=1.7&rm=3,GreenMart,"Delhi, India",97.03,80
P1048,NatureMark Shopping Bag,Spacious and foldable shopping bag for groceries and more.,32x5x7 cm,NatureMark,Shopping Bag,Concrete,https://thvnext.bing.com/th/id/OIP.Wg3DIG8FpQkq5rCBpygMUgHaJ3?w=145&h=193&c=7&r=0&o=7&cb=thvnext&dpr=1.1&pid=1.7&rm=3,Nature's Store,"Hyderabad, India",60.87,43
P1057,ReThink Shopping Bag,Spacious and foldable shopping bag for groceries and more.,40x24x12 cm,ReThink,Shopping Bag,Steel (virgin),https://thvnext.bing.com/th/id/OIP.gc9di40bzOlXpJmcrX24EwHaHa?w=186&h=186&c=7&r=0&o=7&cb=thvnext&dpr=1.1&pid=1.7&rm=3,Verde Suppliers,"Mumbai, India",94.23,63
P1076,Verde Shopping Bag,Spacious and foldable shopping bag for groceries and more.,15x38x14 cm,Verde,Shopping Bag,PVC,https://thvnext.bing.com/th/id/OIP.ehH4SDn9-rXXqCI8gDyOGQHaHR?w=205&h=201&c=7&r=0&o=5&cb=thvnext&dpr=1.1&pid=1.7,Verde Suppliers,"Hyderabad, India",12.47,59
P1093,SustainAble Shopping Bag,Spacious and foldable shopping bag for groceries and more.,31x5x2 cm,SustainAble,Shopping Bag,PET,https://thvnext.bing.com/th/id/OIP.29mLRoYKM0gCe1tyKrsCLQHaJH?w=163&h=201&c=7&r=0&o=5&cb=thvnext&dpr=1.1&pid=1.7,Verde Suppliers,"Chennai, India",26.78,24
P1105,EarthWise Shopping Bag,Spacious and foldable shopping bag for groceries and more.,13x43x11 cm,EarthWise,Shopping Bag,Glass (virgin),https://thvnext.bing.com/th/id/OIP.5xlUWMEgA1WIwbNl_cmm8gHaEg?w=307&h=186&c=7&r=0&o=7&cb=thvnext&dpr=1.1&pid=1.7&rm=3,EarthOutlet,"Mumbai, India",50.25,93
P1112,EcoChoice Shopping Bag,Spacious and foldable shopping bag for groceries and more.,23x11x2 cm,EcoChoice,Shopping Bag,PET,https://thvnext.bing.com/th/id/OIP.r82O4JN4FqPiKRNVu3AxFwHaF7?w=231&h=183&c=7&r=0&o=7&cb=thvnext&dpr=1.1&pid=1.7&rm=3,EcoGoods Hub,"Mumbai, India",95.48,93
P1118,PlanetWear Shopping Bag,Spacious and foldable shopping bag for groceries and more.,44x24x18 cm,PlanetWear,Shopping Bag,Paper (recycled),https://thvnext.bing.com/th/id/OIP.f5Wba4mFA-7aNUbpPFK_hgHaHa?w=181&h=182&c=7&r=0&o=5&cb=thvnext&dpr=1.1&pid=1.7,GreenMart,"Bangalore, India",28.73,45
P1122,EcoLife Shopping Bag,Spacious and foldable shopping bag for groceries and more.,12x10x18 cm,EcoLife,Shopping Bag,Glass (virgin),https://thvnext.bing.com/th/id/OIP.vWIVQMaNiQERvVNEXz3xNgHaHa?w=182&h=182&c=7&r=0&o=5&cb=thvnext&dpr=1.1&pid=1.7,GreenMart,"Delhi, India",88.78,56
P1137,Verde Shopping Bag,Spacious and foldable shopping bag for groceries and more.,26x25x4 cm,Verde,Shopping Bag,HDPE,https://thvnext.bing.com/th/id/OIP.Sp7GuABIy3RvBY9Ei-0jgQHaHa?w=182&h=182&c=7&r=0&o=5&cb=thvnext&dpr=1.1&pid=1.7,Nature's Store,"Mumbai, India",62.92,89
P1169,Verde Shopping Bag,Spacious and foldable shopping bag for groceries and more.,24x39x8 cm,Verde,Shopping Bag,LDPE,https://thvnext.bing.com/th/id/OIP.bHAfakQ60xGtmwGZfAkKsQHaFt?w=233&h=180&c=7&r=0&o=5&cb=thvnext&dpr=1.1&pid=1.7,EcoGoods Hub,"Delhi, India",55.42,96
P1188,EcoNest Shopping Bag,Spacious and foldable shopping bag for groceries and more.,10x27x17 cm,EcoNest,Shopping Bag,Wood (softwood),https://thvnext.bing.com/th/id/OIP.m9SDvXWfYOo2QizxQUDoWQHaFB?w=286&h=194&c=7&r=0&o=5&cb=thvnext&dpr=1.1&pid=1.7,Nature's Store,"Bangalore, India",58.77,39
P1191,Verde Shopping Bag,Spacious and foldable shopping bag for groceries and more.,17x29x17 cm,Verde,Shopping Bag,Plastic (general),https://thvnext.bing.com/th/id/OIP.Do2FC0qTWcQ-QWC3q8rOjQHaIj?w=156&h=180&c=7&r=0&o=7&cb=thvnext&dpr=1.1&pid=1.7&rm=3,EcoGoods Hub,"Mumbai, India",19.82,28
P1195,SustainAble Shopping Bag,Spacious and foldable shopping bag for groceries and more.,50x29x2 cm,SustainAble,Shopping Bag,PET,https://thvnext.bing.com/th/id/OIP.aL7PZTARMHO--Osqnpm4NgHaGm?w=210&h=176&c=7&r=0&o=7&cb=thvnext&dpr=1.1&pid=1.7&rm=3,EarthOutlet,"Hyderabad, India",99.67,84
P1198,SustainAble Shopping Bag,Spacious and foldable shopping bag for groceries and more.,48x11x6 cm,SustainAble,Shopping Bag,HDPE,https://thvnext.bing.com/th/id/OIP.pD8dAFHZ6BoHGYLZYZDUxgHaHa?w=182&h=182&c=7&r=0&o=5&cb=thvnext&dpr=1.1&pid=1.7,Verde Suppliers,"Delhi, India",26.13,89
P1004,EcoLife Storage Box,Multi-purpose storage box with secure lid.,50x11x12 cm,EcoLife,Storage Box,Paper (recycled),https://tse3.mm.bing.net/th/id/OIP.PK0oXl2ycY2KiTAdQYAlcgHaG_?cb=thvnext&rs=1&pid=ImgDetMain&o=7&rm=3,Nature's Store,"Hyderabad, India",11.91,37
P1013,EcoNest Storage Box,Multi-purpose storage box with secure lid.,13x49x15 cm,EcoNest,Storage Box,Plastic (general),https://thvnext.bing.com/th/id/OIP.jZdmFwb1n4IqOuNP56BAMQHaKK?w=141&h=193&c=7&r=0&o=7&cb=thvnext&dpr=1.1&pid=1.7&rm=3,Verde Suppliers,"Delhi, India",65.37,10
P1028,EcoLife Storage Box,Multi-purpose storage box with secure lid.,5x34x1 cm,EcoLife,Storage Box,Paper (recycled),https://thvnext.bing.com/th/id/OIP.ig-YoH_v1HY7Xf0c4OqEpwHaHa?w=207&h=207&c=7&r=0&o=7&cb=thvnext&dpr=1.1&pid=1.7&rm=3,EcoGoods Hub,"Mumbai, India",79.1,75
P1032,PlanetWear Storage Box,Multi-purpose storage box with secure lid.,11x42x8 cm,PlanetWear,Storage Box,Aluminum (recycled),https://thvnext.bing.com/th/id/OIP.STCIlw3fw1uOLhxNUeNqAwHaHa?w=206&h=206&c=7&r=0&o=5&cb=thvnext&dpr=1.1&pid=1.7,Verde Suppliers,"Hyderabad, India",75.84,30
P1036,ReThink Storage Box,Multi-purpose storage box with secure lid.,33x15x4 cm,ReThink,Storage Box,PET,https://thvnext.bing.com/th/id/OIP.mGlO889yEzdSdIxwenEqFwHaH0?w=196&h=206&c=7&r=0&o=5&cb=thvnext&dpr=1.1&pid=1.7,EcoGoods Hub,"Hyderabad, India",90.19,32
P1051,Verde Storage Box,Multi-purpose storage box with secure lid.,30x26x2 cm,Verde,Storage Box,Steel (recycled),https://thvnext.bing.com/th/id/OIP.rNVPUydiUb8FWTnUWkooLgHaFq?w=256&h=196&c=7&r=0&o=5&cb=thvnext&dpr=1.1&pid=1.7,EcoGoods Hub,"Chennai, India",44.13,25
P1055,EcoNest Storage Box,Multi-purpose storage box with secure lid.,47x43x3 cm,EcoNest,Storage Box,HDPE,https://thvnext.bing.com/th/id/OIP.6BriMMlrSoB-XzRG_b8fUwHaHa?w=196&h=196&c=7&r=0&o=5&cb=thvnext&dpr=1.1&pid=1.7,Nature's Store,"Delhi, India",60.91,68
P1059,GreenGear Storage Box,Multi-purpose storage box with secure lid.,35x17x15 cm,GreenGear,Storage Box,Plastic (general),https://thvnext.bing.com/th/id/OIP.jiiukotTk7svFrmja0VDVQHaHa?w=196&h=196&c=7&r=0&o=5&cb=thvnext&dpr=1.1&pid=1.7,EarthOutlet,"Bangalore, India",72.77,52
P1061,SustainAble Storage Box,Multi-purpose storage box with secure lid.,21x18x10 cm,SustainAble,Storage Box,PET,https://thvnext.bing.com/th/id/OIP.ZBiH4ln5GulQpjdmfk14ywHaHM?w=222&h=215&c=7&r=0&o=5&cb=thvnext&dpr=1.1&pid=1.7,Nature's Store,"Mumbai, India",37.32,32
P1067,EcoChoice Storage Box,Multi-purpose storage box with secure lid.,36x39x2 cm,EcoChoice,Storage Box,Copper,https://thvnext.bing.com/th?id=OIF.lkA9Fpzv0WBCSSXG61u%2bWw&w=179&h=180&c=7&r=0&o=5&cb=thvnext&dpr=1.1&pid=1.7,EcoGoods Hub,"Bangalore, India",66.4,15
P1072,EcoNest Storage Box,Multi-purpose storage box with secure lid.,20x50x8 cm,EcoNest,Storage Box,Steel (recycled),https://thvnext.bing.com/th/id/OIP.H78xYqo2OzDLfyUEOnbthwHaJ4?w=154&h=196&c=7&r=0&o=5&cb=thvnext&dpr=1.1&pid=1.7,EarthOutlet,"Chennai, India",16.89,12
P1084,NatureMark Storage Box,Multi-purpose storage box with secure lid.,11x44x8 cm,NatureMark,Storage Box,Steel (recycled),https://thvnext.bing.com/th/id/OIP.-LCgf7w5K8P2SsLlWMH4agHaLH?w=138&h=196&c=7&r=0&o=5&cb=thvnext&dpr=1.1&pid=1.7,Verde Suppliers,"Chennai, India",48.41,39
P1091,SustainAble Storage Box,Multi-purpose storage box with secure lid.,26x29x5 cm,SustainAble,Storage Box,PET,https://thvnext.bing.com/th/id/OIP.mcJVbCsSWkhqg-WYJXtKEwHaGm?w=234&h=209&c=7&r=0&o=7&cb=thvnext&dpr=1.1&pid=1.7&rm=3,Nature's Store,"Chennai, India",20.89,20
P1099,NatureMark Storage Box,Multi-purpose storage box with secure lid.,37x25x10 cm,NatureMark,Storage Box,HDPE,https://ts1.mm.bing.net/th?id=OIP.84EFW4L5NDEcGuDhbR_TuwHaHa&pid=15.1,EcoGoods Hub,"Delhi, India",40.26,81
P1100,EcoLife Storage Box,Multi-purpose storage box with secure lid.,14x7x15 cm,EcoLife,Storage Box,Wood (softwood),https://thvnext.bing.com/th/id/OIP.44czjYS3hZqXlkDEirbctQHaHJ?w=203&h=196&c=7&r=0&o=7&cb=thvnext&dpr=1.1&pid=1.7&rm=3,GreenMart,"Delhi, India",72.1,83
P1114,GreenGear Storage Box,Multi-purpose storage box with secure lid.,40x26x5 cm,GreenGear,Storage Box,Glass (virgin),https://thvnext.bing.com/th?id=OIF.lkA9Fpzv0WBCSSXG61u%2bWw&w=179&h=180&c=7&r=0&o=5&cb=thvnext&dpr=1.1&pid=1.7,Verde Suppliers,"Chennai, India",19.59,20
P1121,EcoChoice Storage Box,Multi-purpose storage box with secure lid.,16x28x9 cm,EcoChoice,Storage Box,HDPE,https://thvnext.bing.com/th/id/OIP.szAAKe_-yaRVeC_QRHInTwHaJ4?w=154&h=196&c=7&r=0&o=5&cb=thvnext&dpr=1.1&pid=1.7,EcoGoods Hub,"Delhi, India",37.24,40
P1128,EcoNest Storage Box,Multi-purpose storage box with secure lid.,33x36x14 cm,EcoNest,Storage Box,LDPE,https://thvnext.bing.com/th/id/OIP.5kzNsuhdWFAMiW8FN_ostwHaHa?w=206&h=207&c=7&r=0&o=7&cb=thvnext&dpr=1.1&pid=1.7&rm=3,Verde Suppliers,"Bangalore, India",97.73,97
P1130,EcoNest Storage Box,Multi-purpose storage box with secure lid.,47x49x10 cm,EcoNest,Storage Box,Concrete,https://ts3.mm.bing.net/th?id=OIP.MoJME-qUnPv6OE8j_OM4hwHaHp&pid=15.1,EarthOutlet,"Hyderabad, India",15.7,15
P1131,SustainAble Storage Box,Multi-purpose storage box with secure lid.,40x49x18 cm,SustainAble,Storage Box,Rubber (natural),https://ts2.mm.bing.net/th?id=OIP.hQWMYgFQaUE7Jm09QL65lQHaHa&pid=15.1,Verde Suppliers,"Chennai, India",19.52,17
P1136,EarthWise Storage Box,Multi-purpose storage box with secure lid.,37x29x20 cm,EarthWise,Storage Box,HDPE,https://thvnext.bing.com/th/id/OIP.B4td12pntWdmtP_ud3ZhMQHaHa?w=194&h=193&c=7&r=0&o=7&cb=thvnext&dpr=1.1&pid=1.7&rm=3,EcoGoods Hub,"Delhi, India",60.74,36
P1141,Verde Storage Box,Multi-purpose storage box with secure lid.,28x16x3 cm,Verde,Storage Box,PVC,https://thvnext.bing.com/th/id/OIP.YIbFNyzvkmIaVqEYzrEgOQHaHa?w=194&h=193&c=7&r=0&o=7&cb=thvnext&dpr=1.1&pid=1.7&rm=3,Verde Suppliers,"Delhi, India",66.98,75
P1160,NatureMark Storage Box,Multi-purpose storage box with secure lid.,29x48x7 cm,NatureMark,Storage Box,Stainless Steel,https://thvnext.bing.com/th/id/OIP.Z4iScfeLSwukycvUMv2xwQHaE7?w=200&h=180&c=7&r=0&o=5&cb=thvnext&dpr=1.1&pid=1.7,Verde Suppliers,"Hyderabad, India",89.22,55
P1162,Verde Storage Box,Multi-purpose storage box with secure lid.,17x50x3 cm,Verde,Storage Box,Cotton (non-organic),https://thvnext.bing.com/th/id/OIP.qp0Yd1BfYLX7aCWumHn06QHaHa?w=196&h=196&c=7&r=0&o=5&cb=thvnext&dpr=1.1&pid=1.7,Verde Suppliers,"Mumbai, India",88.97,83
P1178,Verde Storage Box,Multi-purpose storage box with secure lid.,43x38x13 cm,Verde,Storage Box,Glass (recycled),https://thvnext.bing.com/th/id/OIP.HUELrh_abvKTUBUDbcHLJAAAAA?w=196&h=196&c=7&r=0&o=5&cb=thvnext&dpr=1.1&pid=1.7,Nature's Store,"Hyderabad, India",38.83,94
P1187,EcoChoice Storage Box,Multi-purpose storage box with secure lid.,37x16x13 cm,EcoChoice,Storage Box,Steel (virgin),https://thvnext.bing.com/th/id/OIP.wHAKnMNRDVnpAyfCMAwUkgHaGj?w=196&h=180&c=7&r=0&o=5&cb=thvnext&dpr=1.1&pid=1.7,EcoGoods Hub,"Bangalore, India",67.22,49
P1007,NatureMark Table Lamp,Minimalistic table lamp suitable for study or bedside use.,38x11x17 cm,NatureMark,Table Lamp,Plastic (general),https://tse4.mm.bing.net/th/id/OIP.P0YxkIqtdO_LVIY5UHnvLwHaIJ?cb=thvnext&rs=1&pid=ImgDetMain&o=7&rm=3,EarthOutlet,"Mumbai, India",18.53,80
P1015,EcoLife Table Lamp,Minimalistic table lamp suitable for study or bedside use.,43x31x3 cm,EcoLife,Table Lamp,Stainless Steel,https://thvnext.bing.com/th/id/OIP.HsSB21k9VzOa7LXrpCndowHaHa?w=189&h=189&c=7&r=0&o=7&cb=thvnext&dpr=1.1&pid=1.7&rm=3,EarthOutlet,"Chennai, India",88.03,19
P1030,ReThink Table Lamp,Minimalistic table lamp suitable for study or bedside use.,39x39x8 cm,ReThink,Table Lamp,PP,https://thvnext.bing.com/th/id/OIP.LqWFVou_DURHtWO8RD-2mAHaIJ?w=172&h=189&c=7&r=0&o=7&cb=thvnext&dpr=1.1&pid=1.7&rm=3,EcoGoods Hub,"Chennai, India",39.82,69
P1044,EcoLife Table Lamp,Minimalistic table lamp suitable for study or bedside use.,34x36x18 cm,EcoLife,Table Lamp,Paper (recycled),https://thvnext.bing.com/th/id/OIP.dDX4FxCt40jl4xiFv8lEsAHaHa?w=215&h=215&c=7&r=0&o=5&cb=thvnext&dpr=1.1&pid=1.7,EcoGoods Hub,"Chennai, India",13.64,62
P1077,PlanetWear Table Lamp,Minimalistic table lamp suitable for study or bedside use.,47x8x2 cm,PlanetWear,Table Lamp,PET,https://thvnext.bing.com/th/id/OIP.V1qwLeBwCXixQ27RlALjMAHaGa?w=240&h=208&c=7&r=0&o=5&cb=thvnext&dpr=1.1&pid=1.7,Verde Suppliers,"Delhi, India",70.7,50
P1078,EarthWise Table Lamp,Minimalistic table lamp suitable for study or bedside use.,19x32x9 cm,EarthWise,Table Lamp,Paper (recycled),https://thvnext.bing.com/th/id/OIP.k0CFMVZxdv2T0_IoV970zgHaHa?w=196&h=197&c=7&r=0&o=5&cb=thvnext&dpr=1.1&pid=1.7,GreenMart,"Chennai, India",87.44,29
P1088,GreenGear Table Lamp,Minimalistic table lamp suitable for study or bedside use.,29x15x4 cm,GreenGear,Table Lamp,PET,https://thvnext.bing.com/th/id/OIP.V1qwLeBwCXixQ27RlALjMAHaGa?w=240&h=208&c=7&r=0&o=5&cb=thvnext&dpr=1.1&pid=1.7,Verde Suppliers,"Bangalore, India",58.33,87
P1094,EcoChoice Table Lamp,Minimalistic table lamp suitable for study or bedside use.,42x23x7 cm,EcoChoice,Table Lamp,Aluminum (recycled),https://thvnext.bing.com/th/id/OIP.xBeg7op3nZkfwLCwHJpwHwHaHa?w=214&h=215&c=7&r=0&o=5&cb=thvnext&dpr=1.1&pid=1.7,GreenMart,"Hyderabad, India",26.56,97
P1095,EcoNest Table Lamp,Minimalistic table lamp suitable for study or bedside use.,11x26x14 cm,EcoNest,Table Lamp,Concrete,https://thvnext.bing.com/th/id/OIP.hNz4miPWG2wz8s6HTcH-KQHaHa?w=215&h=215&c=7&r=0&o=5&cb=thvnext&dpr=1.1&pid=1.7,Verde Suppliers,"Bangalore, India",84.58,77
P1096,ReThink Table Lamp,Minimalistic table lamp suitable for study or bedside use.,16x15x17 cm,ReThink,Table Lamp,Organic Cotton,https://thvnext.bing.com/th/id/OIP.G3Xp-wSSIp0rYse1mbY9mgHaHa?w=215&h=215&c=7&r=0&o=5&cb=thvnext&dpr=1.1&pid=1.7,EcoGoods Hub,"Delhi, India",10.22,10
P1108,ReThink Table Lamp,Minimalistic table lamp suitable for study or bedside use.,18x46x14 cm,ReThink,Table Lamp,Steel (virgin),https://thvnext.bing.com/th/id/OIP.k_0e9v8dP6inGgw_5srlfAHaHa?w=214&h=215&c=7&r=0&o=5&cb=thvnext&dpr=1.1&pid=1.7,EcoGoods Hub,"Delhi, India",30.84,100
P1109,EarthWise Table Lamp,Minimalistic table lamp suitable for study or bedside use.,45x8x1 cm,EarthWise,Table Lamp,Stainless Steel,https://thvnext.bing.com/th/id/OIP.i82FBVGWmUzGCdG0YwO6OQAAAA?w=208&h=208&c=7&r=0&o=5&cb=thvnext&dpr=1.1&pid=1.7,Verde Suppliers,"Bangalore, India",58.01,42
P1116,NatureMark Table Lamp,Minimalistic table lamp suitable for study or bedside use.,14x10x9 cm,NatureMark,Table Lamp,Cotton (non-organic),https://thvnext.bing.com/th/id/OIP.V1qwLeBwCXixQ27RlALjMAHaGa?w=240&h=208&c=7&r=0&o=5&cb=thvnext&dpr=1.1&pid=1.7,Verde Suppliers,"Delhi, India",67.91,55
P1127,NatureMark Table Lamp,Minimalistic table lamp suitable for study or bedside use.,14x33x1 cm,NatureMark,Table Lamp,Rubber (natural),https://thvnext.bing.com/th?q=Metal+Art+Table+Lamp&w=120&h=120&c=1&rs=1&qlt=90&cb=1&dpr=1.1&pid=InlineBlock&mkt=en-IN&cc=IN&setlang=en&adlt=strict&t=1&mw=247,Nature's Store,"Hyderabad, India",81.85,82
P1135,EcoLife Table Lamp,Minimalistic table lamp suitable for study or bedside use.,25x19x19 cm,EcoLife,Table Lamp,Paper (recycled),https://thvnext.bing.com/th/id/OIP.yLbvVYtJMBG1_xI39GCxBwHaHa?w=197&h=197&c=7&r=0&o=5&cb=thvnext&dpr=1.1&pid=1.7,EcoGoods Hub,"Hyderabad, India",80.67,42
P1146,ReThink Table Lamp,Minimalistic table lamp suitable for study or bedside use.,37x8x7 cm,ReThink,Table Lamp,HDPE,https://thvnext.bing.com/th/id/OIP.DR31nnDcLSHWuAJitchbXgHaHa?w=212&h=212&c=7&r=0&o=5&cb=thvnext&dpr=1.1&pid=1.7,GreenMart,"Delhi, India",33.79,52
P1149,GreenGear Table Lamp,Minimalistic table lamp suitable for study or bedside use.,18x46x13 cm,GreenGear,Table Lamp,Rubber (natural),https://thvnext.bing.com/th/id/OIP.FZXOjMNAv-vPqVJc57-DGQHaHa?w=195&h=195&c=7&r=0&o=5&cb=thvnext&dpr=1.1&pid=1.7,EcoGoods Hub,"Bangalore, India",68,11
P1155,ReThink Table Lamp,Minimalistic table lamp suitable for study or bedside use.,30x17x13 cm,ReThink,Table Lamp,Plastic (general),https://thvnext.bing.com/th/id/OIP.WaTLAjp2AD5phubrACv4uAHaHa?w=195&h=195&c=7&r=0&o=5&cb=thvnext&dpr=1.1&pid=1.7,Nature's Store,"Delhi, India",45.57,13
P1172,GreenGear Table Lamp,Minimalistic table lamp suitable for study or bedside use.,20x29x8 cm,GreenGear,Table Lamp,Copper,https://thvnext.bing.com/th/id/OIP._bbV6VjMIryhB09YDk46oAHaJ3?w=146&h=195&c=7&r=0&o=5&cb=thvnext&dpr=1.1&pid=1.7,Nature's Store,"Delhi, India",42.3,57
P1177,NatureMark Table Lamp,Minimalistic table lamp suitable for study or bedside use.,6x47x3 cm,NatureMark,Table Lamp,LDPE,https://thvnext.bing.com/th/id/OIP.weM8JdtIp-1bH90sVKvCkgHaHa?w=196&h=195&c=7&r=0&o=5&cb=thvnext&dpr=1.1&pid=1.7,EcoGoods Hub,"Bangalore, India",36.1,41
P1001,EarthWise T-shirt,Comfortable and stylish t-shirt suitable for all-day wear.,16x30x17 cm,EarthWise,T-shirt,Concrete,https://earthwisedistribution.com/wp-content/uploads/2021/10/F_Back.png,Verde Suppliers,"Mumbai, India",47.65,42
P1009,GreenGear T-shirt,Comfortable and stylish t-shirt suitable for all-day wear.,47x13x1 cm,GreenGear,T-shirt,PET,https://tse1.mm.bing.net/th/id/OIP.M-ZhlWjuo-31PJw9hZmaaAHaIz?cb=thvnext&rs=1&pid=ImgDetMain&o=7&rm=3,Verde Suppliers,"Mumbai, India",45.02,25
P1018,GreenGear T-shirt,Comfortable and stylish t-shirt suitable for all-day wear.,32x43x3 cm,GreenGear,T-shirt,PP,https://tse2.mm.bing.net/th/id/OIP.S_IZ-iMUsrK8z1tVDVZ6ZQHaHa?cb=thvnext&rs=1&pid=ImgDetMain&o=7&rm=3,GreenMart,"Chennai, India",91.32,65
P1029,EcoChoice T-shirt,Comfortable and stylish t-shirt suitable for all-day wear.,18x10x3 cm,EcoChoice,T-shirt,LDPE,"https://cms.cloudinary.vpsvc.com/image/upload/c_scale,dpr_auto,f_auto,q_70,w_auto:50:550/India%20LOB/Category%20Images/Premium-Men_s-Cotton-T-Shirt_Category-image_1x1",EcoGoods Hub,"Delhi, India",34.54,24
P1031,NatureMark T-shirt,Comfortable and stylish t-shirt suitable for all-day wear.,33x21x18 cm,NatureMark,T-shirt,PVC,https://tse4.mm.bing.net/th/id/OIP.bmGUiX444mQEkBUtjz_Y7gHaHa?cb=thvnext&rs=1&pid=ImgDetMain&o=7&rm=3,EcoGoods Hub,"Delhi, India",99.67,13
P1039,EcoLife T-shirt,Comfortable and stylish t-shirt suitable for all-day wear.,5x18x20 cm,EcoLife,T-shirt,Copper,https://th.bing.com/th/id/R.c35de19e4655594f66d1d17c403fd650?rik=OD306JAINbWLCA&riu=http%3a%2f%2fmarketinggenie.co.in%2fwp-content%2fuploads%2f2023%2f05%2fTshirt.webp&ehk=Ye3seM7sKfB03IFjwd2fqRRxYn2NyttYlY8ArGrMKxc%3d&risl=&pid=ImgRaw&r=0,Verde Suppliers,"Chennai, India",54.19,41
P1046,PlanetWear T-shirt,Comfortable and stylish t-shirt suitable for all-day wear.,31x39x14 cm,PlanetWear,T-shirt,Organic Cotton,https://thvnext.bing.com/th/id/OIP.te841OjvbMrqP8eOrZMfagHaHa?w=192&h=186&c=7&r=0&o=5&cb=thvnext&dpr=1.1&pid=1.7,GreenMart,"Bangalore, India",38.89,76
P1062,GreenGear T-shirt,Comfortable and stylish t-shirt suitable for all-day wear.,21x7x6 cm,GreenGear,T-shirt,LDPE,https://thvnext.bing.com/th/id/OIP.xU1B1N4yNIitYKdy61_5RgHaIC?w=173&h=188&c=7&r=0&o=5&cb=thvnext&dpr=1.1&pid=1.7,EcoGoods Hub,"Mumbai, India",36.86,48
P1080,NatureMark T-shirt,Comfortable and stylish t-shirt suitable for all-day wear.,14x19x14 cm,NatureMark,T-shirt,Glass (recycled),https://thvnext.bing.com/th/id/OIP.wkV2YYvgZKitH2RkzqvKiAHaJQ?w=147&h=184&c=7&r=0&o=5&cb=thvnext&dpr=1.1&pid=1.7,EarthOutlet,"Delhi, India",19.17,96
P1083,Verde T-shirt,Comfortable and stylish t-shirt suitable for all-day wear.,32x11x6 cm,Verde,T-shirt,Plastic (general),https://thvnext.bing.com/th/id/OIP.FxCMTUfCOa2-iu-n1nufuAHaHa?w=175&h=180&c=7&r=0&o=5&cb=thvnext&dpr=1.1&pid=1.7,Verde Suppliers,"Hyderabad, India",9.77,52
P1086,GreenGear T-shirt,Comfortable and stylish t-shirt suitable for all-day wear.,35x44x2 cm,GreenGear,T-shirt,Stainless Steel,https://thvnext.bing.com/th/id/OIP.d5KMHBll2CHiBkasQd1f7QHaJ4?w=153&h=188&c=7&r=0&o=5&cb=thvnext&dpr=1.1&pid=1.7,EarthOutlet,"Mumbai, India",18.46,85
P1102,PlanetWear T-shirt,Comfortable and stylish t-shirt suitable for all-day wear.,43x18x10 cm,PlanetWear,T-shirt,Organic Cotton,https://thvnext.bing.com/th/id/OIP.g-Wfqgj3Kc1oorH8GIz_oAHaKu?w=148&h=214&c=7&r=0&o=5&cb=thvnext&dpr=1.1&pid=1.7,Verde Suppliers,"Delhi, India",22.06,67
P1111,EcoChoice T-shirt,Comfortable and stylish t-shirt suitable for all-day wear.,31x21x16 cm,EcoChoice,T-shirt,Stainless Steel,https://thvnext.bing.com/th/id/OIP.spiPnLDAYXYXOZeuS3mxDgHaHa?w=186&h=187&c=7&r=0&o=5&cb=thvnext&dpr=1.1&pid=1.7,Nature's Store,"Chennai, India",37.5,100
P1119,ReThink T-shirt,Comfortable and stylish t-shirt suitable for all-day wear.,22x7x9 cm,ReThink,T-shirt,Wood (softwood),https://thvnext.bing.com/th/id/OIP.g1carZ2XnL5pd97CkebW6gHaJh?w=158&h=188&c=7&r=0&o=5&cb=thvnext&dpr=1.1&pid=1.7,Verde Suppliers,"Bangalore, India",26.66,77
P1143,EcoLife T-shirt,Comfortable and stylish t-shirt suitable for all-day wear.,18x28x1 cm,EcoLife,T-shirt,Plastic (general),https://thvnext.bing.com/th/id/OIP.Dlwh3Zg9DhbkV6X2mZooSgHaJf?w=149&h=192&c=7&r=0&o=5&cb=thvnext&dpr=1.1&pid=1.7,Verde Suppliers,"Chennai, India",15.08,65
P1145,EarthWise T-shirt,Comfortable and stylish t-shirt suitable for all-day wear.,38x28x2 cm,EarthWise,T-shirt,LDPE,https://thvnext.bing.com/th/id/OIP.D8XNvvTKNMcRWE2UDyVKxQHaHE?w=201&h=192&c=7&r=0&o=5&cb=thvnext&dpr=1.1&pid=1.7,GreenMart,"Hyderabad, India",6.19,37
P1150,EcoChoice T-shirt,Comfortable and stylish t-shirt suitable for all-day wear.,39x9x10 cm,EcoChoice,T-shirt,Steel (virgin),https://thvnext.bing.com/th/id/OIP.WW7PNiq0-ZPqyDB4r2CnBgHaHa?w=192&h=192&c=7&r=0&o=5&cb=thvnext&dpr=1.1&pid=1.7,Nature's Store,"Hyderabad, India",50.42,94
P1153,EcoLife T-shirt,Comfortable and stylish t-shirt suitable for all-day wear.,15x48x9 cm,EcoLife,T-shirt,Plastic (general),https://thvnext.bing.com/th/id/OIP.m5uW-mBIsdYO1HPQPUom7wAAAA?w=155&h=214&c=7&r=0&o=5&cb=thvnext&dpr=1.1&pid=1.7,EcoGoods Hub,"Chennai, India",72.65,91
P1164,ReThink T-shirt,Comfortable and stylish t-shirt suitable for all-day wear.,9x30x14 cm,ReThink,T-shirt,Wood (softwood),https://thvnext.bing.com/th/id/OIP.flgFpJXIHP5M5aA3Ua777gHaFj?w=222&h=180&c=7&r=0&o=5&cb=thvnext&dpr=1.1&pid=1.7,EcoGoods Hub,"Chennai, India",58.72,53
P1176,Verde T-shirt,Comfortable and stylish t-shirt suitable for all-day wear.,28x21x5 cm,Verde,T-shirt,Rubber (natural),https://thvnext.bing.com/th/id/OIP.r2jNEqT0KVI9tMfMaHvNtgHaJ4?w=153&h=188&c=7&r=0&o=5&cb=thvnext&dpr=1.1&pid=1.7,Verde Suppliers,"Chennai, India",67.27,52
P1199,NatureMark T-shirt,Comfortable and stylish t-shirt suitable for all-day wear.,36x49x17 cm,NatureMark,T-shirt,PP,https://thvnext.bing.com/th/id/OIP.pQ1NWxMu0lgCxYkhysDL6QHaHa?w=188&h=188&c=7&r=0&o=5&cb=thvnext&dpr=1.1&pid=1.7,GreenMart,"Delhi, India",42.11,74
P1002,EarthWise Water Bottle,Durable and reusable bottle for everyday hydration.,37x48x5 cm,EarthWise,Water Bottle,Glass (virgin),https://m.media-amazon.com/images/I/711lKqcxyKL._SL1500_.jpg,Verde Suppliers,"Hyderabad, India",91.27,19
P1005,EcoLife Water Bottle,Durable and reusable bottle for everyday hydration.,37x37x4 cm,EcoLife,Water Bottle,Concrete,https://tse4.mm.bing.net/th/id/OIP.8T7FqZ05mFgSET8hOAYjaQHaLH?cb=thvnext&rs=1&pid=ImgDetMain&o=7&rm=3,EcoGoods Hub,"Bangalore, India",84.63,60
P1020,GreenGear Water Bottle,Durable and reusable bottle for everyday hydration.,24x19x18 cm,GreenGear,Water Bottle,Glass (virgin),https://ts4.mm.bing.net/th?id=OIP.AFHuCpALn7zxb-DUKyYs0QHaHB&pid=15.1,Nature's Store,"Hyderabad, India",86.14,19
P1023,EcoChoice Water Bottle,Durable and reusable bottle for everyday hydration.,28x26x7 cm,EcoChoice,Water Bottle,Paper (recycled),https://ts1.mm.bing.net/th?id=OIP.jzTbzEjM7ewhVniF4nE8dwHaHa&pid=15.1,EarthOutlet,"Delhi, India",32.12,41
P1037,PlanetWear Water Bottle,Durable and reusable bottle for everyday hydration.,12x35x15 cm,PlanetWear,Water Bottle,LDPE,https://ts3.mm.bing.net/th?id=OIP._gH_WLIdhjKlp1XUosLY2QHaHK&pid=15.1,Verde Suppliers,"Bangalore, India",82.3,80
P1068,NatureMark Water Bottle,Durable and reusable bottle for everyday hydration.,18x11x1 cm,NatureMark,Water Bottle,Paper (recycled),https://thvnext.bing.com/th?q=Nike+Water+Bottle&w=120&h=120&c=1&rs=1&qlt=90&cb=1&dpr=1.1&pid=InlineBlock&mkt=en-IN&cc=IN&setlang=en&adlt=strict&t=1&mw=247,GreenMart,"Chennai, India",76.86,26
P1071,NatureMark Water Bottle,Durable and reusable bottle for everyday hydration.,31x19x9 cm,NatureMark,Water Bottle,Steel (virgin),https://thvnext.bing.com/th/id/OIP.2u9G8jvGV1iagnhRABtpygHaHa?w=203&h=203&c=7&r=0&o=5&cb=thvnext&dpr=1.1&pid=1.7,Verde Suppliers,"Hyderabad, India",94.19,45
P1074,SustainAble Water Bottle,Durable and reusable bottle for everyday hydration.,46x22x20 cm,SustainAble,Water Bottle,Glass (virgin),https://thvnext.bing.com/th/id/OIP.D9UxlxbrWxUS6xGIkIBExwHaHa?w=203&h=203&c=7&r=0&o=5&cb=thvnext&dpr=1.1&pid=1.7,Nature's Store,"Delhi, India",37.66,64
P1075,EcoNest Water Bottle,Durable and reusable bottle for everyday hydration.,43x42x18 cm,EcoNest,Water Bottle,Rubber (natural),https://ts4.mm.bing.net/th?id=OIP.Z32UvI1Ri1-y0jFoWYltZgHaHq&pid=15.1,Verde Suppliers,"Bangalore, India",47.13,85
P1081,NatureMark Water Bottle,Durable and reusable bottle for everyday hydration.,31x26x17 cm,NatureMark,Water Bottle,Plastic (general),https://ts4.mm.bing.net/th?id=OIP.mntFw8mWH8iHnOZcQcfVDgHaHa&pid=15.1,EarthOutlet,"Chennai, India",83.78,44
P1085,EcoNest Water Bottle,Durable and reusable bottle for everyday hydration.,30x37x17 cm,EcoNest,Water Bottle,Glass (recycled),https://thvnext.bing.com/th/id/OIP.sIcAi2Ro_WVN4v7zV86h9QHaE0?w=269&h=180&c=7&r=0&o=7&cb=thvnext&dpr=1.1&pid=1.7&rm=3,GreenMart,"Delhi, India",87.89,16
P1097,Verde Water Bottle,Durable and reusable bottle for everyday hydration.,32x26x19 cm,Verde,Water Bottle,Copper,https://ts3.mm.bing.net/th?id=OIP.2HAFGjAX3ozslsSKaUZ2sAHaHa&pid=15.1,EcoGoods Hub,"Bangalore, India",66.19,79
P1098,Verde Water Bottle,Durable and reusable bottle for everyday hydration.,6x29x15 cm,Verde,Water Bottle,Rubber (natural),https://thvnext.bing.com/th/id/OIP.3xZZ0RJBGLlm2ACFtRJDygHaQM?w=89&h=90&c=1&rs=1&qlt=70&r=0&o=7&cb=thvnext&dpr=1.1&pid=InlineBlock&rm=3,EarthOutlet,"Delhi, India",67.78,29
P1101,ReThink Water Bottle,Durable and reusable bottle for everyday hydration.,7x22x17 cm,ReThink,Water Bottle,Plastic (general),https://thvnext.bing.com/th/id/OIP.tyQiTE-RlgwIy6APrLvQlAHaD4?w=318&h=180&c=7&r=0&o=5&cb=thvnext&dpr=1.1&pid=1.7,Verde Suppliers,"Delhi, India",16.73,30
P1107,EcoNest Water Bottle,Durable and reusable bottle for everyday hydration.,14x10x14 cm,EcoNest,Water Bottle,PP,https://thvnext.bing.com/th?q=Water+Bottle+No+Background&w=120&h=120&c=1&rs=1&qlt=90&cb=1&dpr=1.1&pid=InlineBlock&mkt=en-IN&cc=IN&setlang=en&adlt=strict&t=1&mw=247,EarthOutlet,"Mumbai, India",89.17,89
P1125,SustainAble Water Bottle,Durable and reusable bottle for everyday hydration.,22x37x8 cm,SustainAble,Water Bottle,Stainless Steel,https://thvnext.bing.com/th/id/OIP.p6IXmPr8mnRNs-z39dCq0AHaEK?w=294&h=180&c=7&r=0&o=5&cb=thvnext&dpr=1.1&pid=1.7,EcoGoods Hub,"Chennai, India",71.37,22
P1133,EarthWise Water Bottle,Durable and reusable bottle for everyday hydration.,17x41x1 cm,EarthWise,Water Bottle,Steel (recycled),https://thvnext.bing.com/th/id/OIP.usDK2J_nMze9HwOn_FQqAQHaHa?w=165&h=180&c=7&r=0&o=5&cb=thvnext&dpr=1.1&pid=1.7,EarthOutlet,"Chennai, India",83.02,50
P1148,PlanetWear Water Bottle,Durable and reusable bottle for everyday hydration.,46x26x1 cm,PlanetWear,Water Bottle,Steel (virgin),https://thvnext.bing.com/th/id/OIP.7JX04xXOXdpzhoUjPNkv5QHaHa?w=216&h=216&c=7&r=0&o=5&cb=thvnext&dpr=1.1&pid=1.7,EcoGoods Hub,"Hyderabad, India",19.56,31
P1159,EcoChoice Water Bottle,Durable and reusable bottle for everyday hydration.,37x30x4 cm,EcoChoice,Water Bottle,Glass (recycled),https://thvnext.bing.com/th?id=OIF.SK83%2ffwGi6rq69VNzEv%2fWg&w=283&h=180&c=7&r=0&o=5&cb=thvnext&dpr=1.1&pid=1.7,EcoGoods Hub,"Chennai, India",98.34,47
P1173,EcoChoice Water Bottle,Durable and reusable bottle for everyday hydration.,44x42x16 cm,EcoChoice,Water Bottle,Organic Cotton,https://thvnext.bing.com/th/id/OIP.B6xv_MNrS9RNUJ9rYru3FAHaE8?w=305&h=203&c=7&r=0&o=5&cb=thvnext&dpr=1.1&pid=1.7,EcoGoods Hub,"Bangalore, India",99.61,20
P1180,NatureMark Water Bottle,Durable and reusable bottle for everyday hydration.,17x12x9 cm,NatureMark,Water Bottle,Concrete,https://thvnext.bing.com/th/id/OIP.B1KERJ79v_MfwPqZudAnQQHaHU?w=179&h=180&c=7&r=0&o=5&cb=thvnext&dpr=1.1&pid=1.7,Nature's Store,"Chennai, India",14.99,39
P1182,EarthWise Water Bottle,Durable and reusable bottle for everyday hydration.,28x14x4 cm,EarthWise,Water Bottle,Paper (recycled),https://thvnext.bing.com/th/id/OIF.ky4WMSn7BlRf4acUgxN9oQ?w=267&h=180&c=7&r=0&o=5&cb=thvnext&dpr=1.1&pid=1.7,Nature's Store,"Bangalore, India",19.21,61
P1196,PlanetWear Water Bottle,Durable and reusable bottle for everyday hydration.,31x30x7 cm,PlanetWear,Water Bottle,Plastic (general),https://thvnext.bing.com/th/id/OIP.DkZRcjUu8lL6xYw2G5Mz2wHaHa?w=216&h=216&c=7&r=0&o=5&cb=thvnext&dpr=1.1&pid=1.7,EarthOutlet,"Hyderabad, India",19.53,12
P1197,EcoLife Water Bottle,Durable and reusable bottle for everyday hydration.,35x6x15 cm,EcoLife,Water Bottle,Glass (recycled),https://thvnext.bing.com/th/id/OIP.EpeOUEGZZEySJL-f2z_eXAHaJO?w=159&h=198&c=7&r=0&o=5&cb=thvnext&dpr=1.1&pid=1.7,Verde Suppliers,"Hyderabad, India",16.7,54
